{
  "id": "4186216",
  "name": "blog",
  "font_family": "iconfont",
  "css_prefix_text": "icon-",
  "description": "",
  "glyphs": [
    {
      "icon_id": "109744",
      "name": "folder",
      "font_class": "folder",
      "unicode": "e61f",
      "unicode_decimal": 58911
    },
    {
      "icon_id": "662307",
      "name": "archive",
      "font_class": "archive",
      "unicode": "e615",
      "unicode_decimal": 58901
    },
    {
      "icon_id": "1814153",
      "name": "coffee",
      "font_class": "coffee",
      "unicode": "e7f1",
      "unicode_decimal": 59377
    },
    {
      "icon_id": "4766975",
      "name": "tags",
      "font_class": "tags",
      "unicode": "e7e5",
      "unicode_decimal": 59365
    },
    {
      "icon_id": "4936984",
      "name": "QQ",
      "font_class": "QQ",
      "unicode": "e882",
      "unicode_decimal": 59522
    },
    {
      "icon_id": "7009057",
      "name": "questions",
      "font_class": "questions",
      "unicode": "e75f",
      "unicode_decimal": 59231
    },
    {
      "icon_id": "8106252",
      "name": "music",
      "font_class": "music",
      "unicode": "e69f",
      "unicode_decimal": 59039
    },
    {
      "icon_id": "15559721",
      "name": "知乎",
      "font_class": "shejiaotubiao-46",
      "unicode": "e64b",
      "unicode_decimal": 58955
    },
    {
      "icon_id": "15838472",
      "name": "email",
      "font_class": "email",
      "unicode": "e66f",
      "unicode_decimal": 58991
    },
    {
      "icon_id": "34306798",
      "name": "首页",
      "font_class": "shouyemoren",
      "unicode": "e602",
      "unicode_decimal": 58882
    }
  ]
}
